eres,linewidth,imax,width,length
2.202161472,0.298874757,2.35E-16,34.43,53.78
1.643055631,0.087225319,7.84E-15,24.3222,91.7232
2.041273015,0.160000936,2.21E-15,34.3,73
1.967925926,0.150369531,9.85E-15,42,94
2.082038652,0.180289594,3.53E-15,42,80
1.465976341,0.084320654,3.66E-15,18.7431,90.0272
1.441374352,0.083257342,2.73E-15,17.2157,87.085
1.429989975,0.089417716,5.55E-15,20.1096,101.108
1.978529836,0.162572416,7.66E-15,41,91
1.464205826,0.080462,1.95E-15,16.3345,80.0435
2.128480865,0.22090581,3.05E-15,46.5,80.1
1.501686095,0.083338821,3.86E-15,19.2515,88.0567
1.442096776,0.086273505,4.19E-15,19.5465,93.904
1.626745609,0.085871563,7.06E-15,23.8222,90.2232
1.434568113,0.086475,4.12E-15,18.8727,95.0394
1.345869529,0.085455849,1.88E-15,16.0157,88.585
1.879886295,0.115475465,1.09E-14,35,93
1.428633389,0.086929371,4.27E-15,19.5465,95.404
2.123207792,0.21572281,3.29E-15,46.5,81
1.411809987,0.087106599,4.00E-15,18.5045,96.3664
2.036504734,0.178556938,7.10E-15,45,91
1.474103802,0.087091181,5.17E-15,20.2781,95.8711
2.079359173,0.190240501,4.62E-15,45,85
1.330345911,0.087930611,2.60E-15,16.5342,95.635
1.886282789,0.111206083,1.06E-14,35,92
1.480240996,0.083667335,3.61E-15,18.5254,89.0365
1.486917585,0.083284012,3.55E-15,18.5254,88.0365
1.841121338,0.083620137,4.04E-15,25.157,73.3432
2.036371615,0.149906272,2.07E-15,33.4,71.3
2.121484092,0.224719005,2.93E-15,46,80
1.638421133,0.083051626,5.87E-15,22.585,86.275
1.643686893,0.081730285,5.33E-15,22.3221,84.138
2.037646937,0.162975881,4.99E-15,41,84
1.912693569,0.498511517,6.49E-14,98,170
1.979697774,0.161868933,9.47E-15,43,94.7
1.923707821,0.11242406,3.86E-15,30,76
2.048063686,0.143943221,8.42E-16,28.5,61
1.947461539,0.153620076,1.24E-14,43,99
1.734128711,0.084178451,6.74E-15,25.0035,84.0057
2.079110893,0.171991477,6.50E-16,30,60
1.878029715,0.355981938,5.43E-14,82,158
2.115787573,0.205588429,2.89E-15,44,78.9
2.091929112,0.182892166,9.86E-16,33,65
1.667097566,0.081719078,5.52E-15,22.5221,83.638
1.876854545,0.424987979,6.13E-14,90,167
1.619752408,0.081609074,4.99E-15,21.5438,84.323
1.393179497,0.082125431,1.44E-15,15.5758,80.0872
1.730669341,0.080146756,5.00E-15,23.179,78.861
1.82581009,0.276805022,5.05E-14,69.5,153
1.446969394,0.083305107,2.87E-15,17.9225,87.0273
1.760009581,0.303528975,5.85E-14,72,166
1.723259791,0.310471566,6.16E-14,72,172
1.804409849,0.08050052,4.21E-15,24.157,74.3432
1.567511779,0.087123116,6.81E-15,22.5141,93.9
2.021308461,0.178190954,8.00E-15,45,93
2.093532409,0.187764714,2.14E-15,39,74.1
1.404137202,0.082418079,1.73E-15,16.0534,82.5011
1.75053266,0.196945002,4.22E-14,53,143
2.045637669,0.165919869,6.50E-15,44,88
2.140354765,0.234370809,3.06E-15,48.1,80.6
2.030544689,0.176380463,7.73E-15,45,92
1.723039929,0.080623994,5.26E-15,22.9822,80.1825
1.415893528,0.083969408,2.59E-15,17.1111,88.1111
1.437639677,0.087334158,4.64E-15,19.8781,96.3711
1.541150033,0.081127385,3.56E-15,19.5749,83.5065
2.056647389,0.155396813,2.04E-15,34.5,71.5
1.58865137,0.081990999,4.71E-15,20.7548,85.556
2.092678747,0.181934463,2.58E-15,40,76
1.467440835,0.084270101,3.66E-15,18.643,90.0272
1.808514561,0.080202086,4.20E-15,24.1057,74.0433
2.136782651,0.228046983,2.95E-15,47,80.1
2.089155105,0.179786965,3.29E-15,42,79
1.602718561,0.083344332,5.55E-15,22,87.3
1.761867775,0.079200041,4.31E-15,23.1941,75.6112
1.284458453,0.090202332,1.91E-15,15.7418,93.9517
2.1188842,0.208512293,2.48E-15,43,77
1.644575156,0.079001248,4.13E-15,20.6868,80.0002
2.04128841,0.144958323,1.25E-15,30,65
1.98400761,0.155562266,8.60E-15,42,92
1.486027365,0.086912775,5.31E-15,20.5781,95.3711
1.538240851,0.087546629,6.56E-15,22.3057,95.1702
1.881539306,0.242421961,4.06E-14,65,139
1.955681645,0.15016618,8.34E-15,39.7,91.5
1.437552857,0.083796828,2.92E-15,17.961,88.1253
1.882865793,0.237824448,3.94E-14,64,137.5
2.057626834,0.147291222,6.36E-16,27.5,58
2.110986822,0.167740376,9.97E-16,34,64
1.417880146,0.090001453,5.63E-15,20.1096,102.608
1.889904664,0.305972724,4.61E-14,75,148
2.103330275,0.196831224,3.74E-15,45,82
1.969421812,0.159266781,1.18E-14,44,98
1.548809881,0.076025199,1.63E-15,16.486,71.6312
1.559866348,0.075462272,1.59E-15,16.486,70.6312
1.447096824,0.084053523,3.21E-15,18.3515,89.0567
1.735965028,0.080711801,5.26E-15,23.5822,79.4825
1.890661807,0.30548964,4.75E-14,75,149
1.988982369,0.177194837,1.00E-14,45,97
2.082254064,0.165587734,6.07E-16,29.6,58.6
1.228741953,0.096568807,1.60E-15,14.4418,95.1517
2.032750669,0.186391515,7.37E-15,46,92
1.368613213,0.086779862,2.99E-15,17.5342,94.335
1.418576444,0.086762031,3.95E-15,18.4476,95.61
1.661916149,0.083445427,6.27E-15,22.985,86.375
2.098357975,0.215074379,6.92E-15,52.3,92
1.42990074,0.082040862,2.02E-15,16.426,82.9736
1.625756559,0.082721115,5.56E-15,22.095,86.1272
1.630479716,0.079659484,4.26E-15,20.7111,81.1111
2.081316018,0.209646444,6.42E-15,49.5,91
2.126762253,0.201254041,6.24E-16,33,61
1.582712566,0.086536895,6.77E-15,22.7692,92.6667
1.732135135,0.081025304,5.36E-15,23.5822,79.8825
2.042123144,0.157024264,1.05E-15,30,64
2.043533008,0.163725988,1.11E-15,30.11,65.12
1.782244553,0.201781991,4.17E-14,55,141
2.028138717,0.170139026,6.60E-15,43,89
1.609090638,0.086254098,6.99E-15,23.0692,91.6668
1.718923646,0.078713579,4.20E-15,22.1941,76.6112
1.382151977,0.087310443,3.53E-15,18.4045,96.0664
1.538522504,0.083690815,4.66E-15,20.1,89
1.581119514,0.079077624,3.32E-15,19.3547,79.927
2.065909356,0.155718069,6.42E-16,28.5,59
1.854697063,0.227228092,4.09E-14,62,139
2.087611342,0.159343101,4.52E-16,28.2,55.6
1.766102905,0.264881422,5.31E-14,66,158
1.994009036,0.160667895,7.93E-15,42,91
1.745538408,0.080017058,4.71E-15,23.3892,77.4625
1.961608434,0.137017752,1.44E-15,27,66
1.958330622,0.376506826,4.74E-14,85,149
1.42982317,0.083802983,2.77E-15,17.3111,88.1111
1.781496908,0.08398227,5.67E-15,25.3225,79.7097
1.429868019,0.083788988,2.77E-15,17.361,88.1253
2.048227542,0.189531971,6.45E-15,46,90
1.487655413,0.082052399,3.03E-15,18.2195,85.0393
1.85981321,0.438166776,6.39E-14,91,171
1.803040736,0.317224233,5.71E-14,75,163
1.53385713,0.080847218,3.29E-15,18.5976,83.4191
1.891720921,0.370334118,5.45E-14,84,158
2.014764795,0.175573992,8.69E-15,45,94
2.005853833,0.193705022,1.38E-14,51.5,104
1.415422305,0.081578968,1.59E-15,15.6758,80.1873
2.096522345,0.176041789,4.76E-16,29.6,56.81
2.070330447,0.184330144,5.72E-15,46,87.4
1.404730356,0.083784803,2.32E-15,16.9157,87.085
1.472538457,0.084042022,3.65E-15,18.643,89.7272
1.992405338,0.137633604,3.26E-15,33,76
1.686111407,0.08823589,8.57E-15,25.7,91.01
2.023496107,0.185825146,9.19E-15,47.7,95.7
1.473515445,0.081363218,2.50E-15,17.7356,82.6018
1.248458605,0.095045532,1.79E-15,15.5342,95.635
1.988949924,0.131937356,1.53E-15,28,65.8
1.765819205,0.079761648,4.40E-15,23.8697,75.6903
2.05076373,0.186683376,7.90E-15,48,92.8
1.699397972,0.303303846,6.20E-14,70,174
1.739572418,0.082973387,6.19E-15,24.3762,82.389
1.649827897,0.081447378,5.26E-15,22.1567,83.622
1.438505178,0.086439957,4.21E-15,19.5465,94.304
2.024122771,0.138328999,1.53E-15,30.5,67
2.081716947,0.171880072,1.24E-15,33.53,66.8
1.425317583,0.086482317,3.94E-15,18.4476,95.11
2.116232401,0.21603816,4.08E-15,48,84
1.894768286,0.395632915,5.68E-14,87,161
1.500270566,0.079108035,2.01E-15,16.5345,78.0435
1.387472477,0.08240826,1.46E-15,15.5758,80.6873
1.946479918,0.136467055,7.53E-15,37.5,88.5
2.063982897,0.180286862,5.80E-15,45.4,87.4
1.61002245,0.08021821,4.24E-15,20.5749,82.5065
2.1319974,0.234557751,4.36E-15,51,85.7
1.667541649,0.083098549,6.16E-15,22.985,85.775
1.646784975,0.07560607,2.79E-15,19.4987,73.3663
1.979302836,0.151559063,6.76E-15,39,88
1.664076165,0.083325523,6.21E-15,23.0111,86.0111
1.775882674,0.079487895,4.34E-15,23.857,75.0433
1.925054966,0.130726246,9.57E-15,38,92
1.272618221,0.088158398,5.70E-16,12.237,76.8984
1.452276433,0.082652198,2.66E-15,17.4,85.6
1.554169713,0.080652314,3.56E-15,19.1603,83.0933
1.501596968,0.081273454,2.94E-15,18.3976,83.4191
1.765365738,0.079980578,4.65E-15,24.0089,76.5002
1.415964368,0.085075731,3.11E-15,18.0418,91.0517
1.704427484,0.07940112,4.46E-15,22.2108,78.2005
1.229610842,0.095038304,1.10E-15,14.0157,88.585
1.942934313,0.358136104,4.73E-14,82.5,149
1.878318844,0.453458701,6.37E-14,93,170
1.409941251,0.081411912,1.44E-15,15.3511,79.1598
1.39357627,0.084502355,2.43E-15,17.0111,88.6111
1.547632436,0.081118296,3.65E-15,19.0749,84.0065
1.572749169,0.083562273,5.20E-15,21.5,88
1.785046504,0.07908362,4.19E-15,23.9057,74.0433
1.489970355,0.084189132,4.03E-15,19.0431,90.0272
1.506721474,0.082261192,3.44E-15,18.5225,86.0272
1.357948773,0.083684178,1.41E-15,14.9534,83.05
1.410585309,0.087187143,4.01E-15,18.5045,96.5664
2.030455357,0.163911714,4.82E-15,40,83.5
1.804632242,0.192974266,3.85E-14,54,136
2.091690205,0.182663263,4.66E-16,29.4,57
1.919667655,0.436394565,5.82E-14,92,162
1.743522317,0.079806688,4.85E-15,23.0095,78.0043
2.11901057,0.233991152,5.03E-15,51.4,88
1.755241464,0.087964245,8.14E-15,26.6111,86.9111
1.422097148,0.08980693,5.60E-15,20.1096,102.108
1.388755671,0.085759768,2.91E-15,17.4959,92.1663
1.745849256,0.088357769,8.40E-15,26.6111,87.9111
1.756615564,0.32638974,6.12E-14,75,170.5
1.738943702,0.080056128,4.94E-15,22.9715,78.576
1.445448452,0.089218994,5.73E-15,20.4396,100.586
2.061318843,0.178713522,6.10E-15,45.6,88
1.355629632,0.084890354,1.85E-15,16.0332,87.3932
1.397851591,0.083719154,2.15E-15,16.3333,86.5933
1.814268128,0.418634507,6.58E-14,88,175
1.797107412,0.414246492,6.66E-14,87,177
1.439701701,0.086352874,4.19E-15,19.6325,94.0196
1.882330239,0.39726632,5.82E-14,87,163
1.98477003,0.16138942,1.17E-14,45.5,98
1.601403644,0.083094516,5.42E-15,21.7111,87.2111
1.692274144,0.077665732,3.99E-15,21.2781,76.711
2.084351475,0.165215137,5.56E-16,29,58
1.490012704,0.086863043,5.34E-15,20.4906,95.238
1.520638632,0.081546372,3.37E-15,18.5749,84.8065
1.395192443,0.084257644,2.35E-15,16.961,88.1253
1.733817716,0.080093858,5.06E-15,22.9715,79.176
1.829179193,0.326590893,5.60E-14,77,161
2.0848364,0.17997103,2.42E-15,39,75.2
2.083996607,0.196902647,5.36E-15,47,87.4
1.43799409,0.08630319,4.10E-15,18.8727,94.6394
1.665107614,0.083338745,6.21E-15,22.985,86.075
1.481039022,0.080035602,2.06E-15,16.8345,79.5435
1.394784799,0.086742955,3.50E-15,18.1476,95.11
1.953320005,0.137920118,8.65E-15,38.5,90.8
1.677690453,0.077199656,3.73E-15,20.711,76.711
2.093950163,0.161551535,6.59E-16,30.3,59.45
1.466206039,0.087543435,5.25E-15,20.1744,96.9268
2.000150588,0.130982743,1.41E-15,28,64.9
2.060895904,0.18569645,7.77E-15,48.3,92.3
1.400716322,0.084143154,2.40E-15,17.0157,87.885
2.115914822,0.224778902,4.75E-15,50,86.7
1.588738638,0.09268404,9.89E-15,25.123,100.415
1.694730428,0.090936522,9.81E-15,26.79,93.49
1.375353716,0.086433007,2.96E-15,17.4651,93.509
2.085824556,0.210389784,7.39E-15,51.5,93.1
1.710713998,0.078718489,4.42E-15,22.3095,77.5042
2.000902431,0.165209074,8.08E-15,42.7,92
1.997254169,0.144893549,1.81E-15,30,69.1
1.667606603,0.079662945,4.61E-15,21.9822,80.1825
1.434769937,0.089141055,5.50E-15,20.2496,100.576
1.65739278,0.080089203,4.76E-15,21.9822,81.1825
2.117309792,0.211195478,1.49E-15,39,71
1.450108264,0.085639747,4.00E-15,18.9727,93.1394
1.864738711,0.338409198,5.41E-14,79.5,157.7
2.121178032,0.218920926,3.77E-15,48,83
1.797956163,0.378635159,6.36E-14,83,172.5
2.088505758,0.231001506,8.34E-15,54.4,96.3
1.693302196,0.078491327,4.33E-15,21.9113,77.8577
1.624267292,0.079934559,4.30E-15,20.8779,81.6322
1.425399158,0.0852121,3.34E-15,18.1389,91.7605
2.175698138,0.272345916,1.99E-15,48.3,76
1.434504184,0.087065385,4.41E-15,19.0045,96.3664
1.455914431,0.083609316,3.16E-15,18.3254,88.0365
2.017328265,0.439712167,4.76E-14,93,148
1.704283074,0.086460782,7.77E-15,25.1441,88.1511
1.815433447,0.274192967,5.09E-14,68.5,154
2.032818497,0.154459769,9.34E-16,29,63
2.049478023,0.165103578,3.64E-15,39,79.8
1.41663176,0.085622253,3.37E-15,18.1389,92.4605
2.032236454,0.135324072,1.96E-15,32.13,69.24
2.115351423,0.239058741,6.82E-15,54.7,93
1.803405215,0.089793075,7.80E-15,28.23,84.97
1.380976509,0.087396305,3.54E-15,18.3045,96.3664
1.471888721,0.079072692,1.55E-15,16.037,75.8984
1.439374225,0.082125405,2.21E-15,16.7333,83.6933
1.518355526,0.076726924,1.42E-15,16.086,71.6312
1.648910262,0.088137897,8.32E-15,24.6222,92.7232
1.552576134,0.078052806,2.45E-15,18.0838,77.0405
1.484349557,0.07986094,2.05E-15,16.6758,79.1873
1.658573904,0.080922547,5.10E-15,22.1567,82.622
1.387474875,0.087035503,3.51E-15,18.4045,95.5664
1.772252722,0.082920929,5.79E-15,25.0225,80.0097
1.480331234,0.081976204,2.86E-15,18.0176,84.726
1.508246029,0.080947454,2.91E-15,18.3976,82.7933
1.47928949,0.08016867,2.08E-15,16.5345,80.0435
1.912108705,0.332168053,4.70E-14,79,149
1.752559647,0.079667086,4.68E-15,23.3892,77.0025
1.901096454,0.438796348,6.04E-14,92,165
1.489592926,0.084209561,4.04E-15,19.0369,90.0679
2.025480611,0.131283866,2.12E-15,31.63,69.84
1.808958186,0.081626506,4.69E-15,24.5089,76.0002
2.078123517,0.167248273,8.12E-16,30.6,62.2
1.385529672,0.086613117,3.26E-15,18.0342,94.335
1.885678295,0.387076812,5.68E-14,86,161
1.329641452,0.088057772,2.66E-15,17.0342,95.635
1.822446669,0.196031785,3.80E-14,55,135
2.080514685,0.163575893,6.64E-16,29.6,59.6
2.154883343,0.253870061,2.38E-15,47.6,78
1.618132024,0.081755196,5.03E-15,21.5438,84.623
1.453285263,0.085018541,3.76E-15,18.6389,91.7605
1.878046239,0.530955944,7.01E-14,100,178
1.440673662,0.082060855,2.21E-15,16.7356,83.6018
1.379349932,0.082535166,1.35E-15,15.0758,80.6873
1.510609718,0.085120246,4.86E-15,20.3369,91.6785
1.945094609,0.345185693,4.58E-14,81,147
1.394765769,0.089422867,4.90E-15,19.9396,101.086
1.988318662,0.192502601,1.59E-14,52,107
1.621556854,0.079127075,3.92E-15,20.2868,80.5002
1.698655683,0.077441763,3.88E-15,21.2781,76.01
1.972504195,0.162889717,7.38E-15,40,90.5
1.590518165,0.083075153,5.26E-15,21.585,87.275
2.062665565,0.164532354,8.83E-16,30.4,62.7
1.707218916,0.091215497,9.89E-15,27.09,92.99
2.007000049,0.161608768,6.76E-15,41.2,88.6
1.48762925,0.079269561,1.87E-15,16.2817,77.6958
1.929748096,0.133418558,1.05E-14,39,94
1.372272116,0.089947442,4.68E-15,19.3396,102.586
1.660728602,0.231077527,5.31E-14,57,163
1.595057561,0.083747429,5.63E-15,22,88.1
2.064617405,0.184038202,4.61E-15,43,84.5
1.433800284,0.080640458,1.54E-15,15.8817,78.2407
1.963380098,0.264077059,3.20E-14,68,130
1.998991164,0.156569095,6.69E-15,40.2,88.1
1.879635535,0.341207278,5.28E-14,80,156
1.714557233,0.078365637,4.35E-15,22.2108,77.2005
1.85797205,0.245502792,4.28E-14,64.5,142.5
2.179472293,0.280400198,2.23E-15,50,77.5
1.745511122,0.080019079,4.71E-15,23.3895,77.4743
1.677910509,0.232269624,5.26E-14,58,161
2.132963977,0.201137924,1.59E-15,40.2,71
2.039848903,0.191841638,9.16E-15,49,96
2.032900967,0.14914155,1.03E-15,29,63.4
2.061488846,0.149084224,1.44E-15,32.5,67
1.875196107,0.244362531,4.12E-14,65,140
1.775693728,0.408259134,6.76E-14,86,179
2.033841717,0.142620193,1.84E-15,32.1,69.2
1.918244077,0.162593809,1.96E-14,48,110
2.220436734,0.331460355,2.06E-16,35.43,52.78
2.030150738,0.175982197,9.07E-15,47,94.6
1.550990618,0.084455659,5.25E-15,21.0369,90.0678
1.841649523,0.228802369,4.23E-14,62,141
2.044868143,0.157704506,3.87E-15,38.5,80
1.585684212,0.08417762,5.68E-15,21.7369,89.0679
1.732649378,0.080017472,5.04E-15,23.0405,79.0842
1.925454089,0.346556038,4.81E-14,81,150
2.010525172,0.446512773,4.96E-14,94,150
2.091675122,0.178002535,7.37E-16,31.5,61.5
2.084019251,0.18485581,4.70E-15,44.8,84.5
1.72736903,0.087570742,8.21E-15,26.0441,88.1511
1.408802708,0.081878053,1.60E-15,15.8758,80.6873
1.779961609,0.085284981,6.54E-15,26.0493,82.057
1.436290799,0.08188782,2.05E-15,16.1884,83.05
1.46594975,0.080409774,1.95E-15,16.2345,80.0435
2.092821706,0.164273833,2.46E-15,38.5,74.5
1.312703435,0.09169996,3.88E-15,18.3396,104.586
1.914241478,0.128933922,1.20E-14,39,96
1.660473891,0.075665995,2.96E-15,19.9987,73.3663
1.457010599,0.082436952,2.65E-15,17.4,85.2511
1.718623027,0.086819427,7.91E-15,25.5111,87.9111
1.919821187,0.33744858,4.78E-14,80,149.5
1.750927646,0.079558999,4.62E-15,23.179,76.861
2.084336082,0.202609499,6.24E-15,48.7,90
1.428306183,0.086316761,3.92E-15,18.4596,94.6315
1.54823298,0.086355571,6.14E-15,22.0692,93.0667
1.720342016,0.087161439,8.05E-15,25.6441,88.1511
1.57967994,0.0876735,7.29E-15,23.3057,94.1702
1.446273902,0.085375175,3.80E-15,18.6389,92.4605
1.584086764,0.086403787,6.71E-15,22.3692,92.6668
1.380391058,0.087405424,3.54E-15,18.4045,96.3664
1.672206193,0.077667785,3.86E-15,20.7744,77.3268
1.454383547,0.083663978,3.16E-15,18.4254,88.0365
1.724575342,0.075608929,3.31E-15,21.0474,72.6573
1.441527085,0.08613445,4.08E-15,18.8727,94.1394
1.464533262,0.081826531,2.54E-15,17.8447,83.4802
1.689553126,0.082066935,5.81E-15,22.8221,83.638
1.716140106,0.08599862,7.56E-15,25.1111,87.1111
2.093940029,0.173505351,5.29E-16,29.6,57.81
2.024631464,0.155047565,1.10E-15,29.4,64.5
1.480678021,0.083645521,3.61E-15,18.5515,88.9567
2.186187421,0.261343511,2.73E-16,34.03,54.18
2.078385447,0.172078189,5.49E-16,29,58.5
2.056501798,0.173621326,5.58E-15,44,86.4
1.377475245,0.084723282,2.21E-15,16.3463,88.6663
1.982358495,0.121706244,2.18E-15,29.5,69
1.929838104,0.365082575,4.94E-14,83.5,151.5
1.381077806,0.086831543,3.27E-15,18.0342,94.935
1.888350845,0.151349552,2.12E-14,46,111
2.125166866,0.234724558,4.08E-15,49.8,84.87
1.741627774,0.079675431,4.85E-15,23.179,77.861
1.917857083,0.338308183,4.83E-14,80,150
1.769348083,0.32851766,6.07E-14,76,169
1.713826867,0.082257642,5.95E-15,23.722,82.6384
1.494983925,0.086026379,5.01E-15,20.1465,93.604
2.073922783,0.154116676,8.63E-16,30.5,61.7
2.036881481,0.179471094,5.14E-15,42,85.6
2.05821909,0.177256775,5.13E-15,43.7,85.3
1.370401473,0.083281729,1.50E-15,15.5534,82.5011
1.74208643,0.084619943,6.85E-15,25.3493,83.857
1.24465541,0.095302543,1.65E-15,15.0418,94.9517
1.255479339,0.093571004,1.59E-15,15.1574,93.385
2.074620091,0.158675578,9.33E-16,31.53,62.8
2.124347108,0.219722044,3.31E-15,46.7,81.4
1.884817322,0.32580228,5.06E-14,78,153
1.451893746,0.080058428,1.60E-15,16.0817,77.6958
1.517123958,0.086440264,5.63E-15,20.9595,94.1085
1.407659932,0.083788527,2.37E-15,17.0157,87.085
1.394176345,0.083906859,2.16E-15,16.3333,87.0933
1.586253876,0.074768257,1.72E-15,17.0459,70.02
1.483162163,0.079951406,2.06E-15,16.5345,79.5435
1.364638561,0.083577718,1.51E-15,15.5534,83.05
1.927813636,0.101172956,2.04E-15,25.8,66
2.07513591,0.152409741,1.17E-15,32.53,64.8
2.01881136,0.496051502,5.54E-14,100,155
1.400051957,0.084072299,2.35E-15,16.7157,87.885
1.634955267,0.08777126,8.02E-15,24.3222,92.7232
1.849455604,0.246325303,4.42E-14,65,144
1.531507233,0.079155959,2.55E-15,18.0838,79.0405
2.000001567,0.138291028,2.25E-15,31.1,71.2
1.593165138,0.083709906,5.58E-15,21.7369,88.2068
2.004810178,0.143843328,1.18E-15,28,64
1.392178805,0.085576588,2.89E-15,17.4959,91.7662
2.068800459,0.198715738,7.11E-15,49,92
1.88407584,0.124042313,1.48E-14,39,100
1.932397851,0.347774606,4.73E-14,81.3,149
1.643046091,0.081756649,5.33E-15,22.1567,84.322
2.019620607,0.176308346,5.92E-15,42,87.6
1.4538175,0.082635919,2.68E-15,17.2176,85.726
1.453640529,0.082626607,2.67E-15,17.3176,85.626
1.757278455,0.076737784,3.33E-15,22.0474,72.0573
2.014769987,0.149456786,1.51E-15,30,67.4
1.416170589,0.081093696,1.42E-15,15.3511,78.4598
1.838354664,0.334749779,5.61E-14,78.3,161
2.020312566,0.14642746,1.48E-15,30,66.81
1.411937133,0.085291682,3.14E-15,18.0418,91.5517
1.399700563,0.084110229,2.36E-15,16.561,88.1253
1.705510933,0.081864245,5.84E-15,24.0762,82.389
1.411848908,0.083070539,2.12E-15,16.2727,85.3412
1.365771225,0.087019633,3.03E-15,17.4476,95.11
1.842888872,0.246628867,4.51E-14,65,145
1.758706215,0.07983979,4.76E-15,23.6892,77.0025
1.71779978,0.080483422,5.17E-15,23.2822,79.8825
1.996045494,0.164920306,8.57E-15,43,93
2.007330162,0.139753569,1.40E-15,29,66.2
1.388525927,0.085593016,2.84E-15,17.7418,91.4517
2.010697527,0.163285247,6.96E-15,42,89
1.446204261,0.086030768,4.15E-15,19.5745,93.3664
1.452324513,0.086167202,4.30E-15,19.0045,94.3664
1.692071167,0.085852599,7.47E-15,24.644,88.051
1.778755871,0.081007242,5.02E-15,24.3111,77.5111
1.901396608,0.244093973,3.78E-14,65,136
1.421142073,0.083701189,2.57E-15,17.1157,87.485
1.769752644,0.08391993,4.09E-15,24.0089,75.7003
2.095426105,0.197359464,4.90E-15,47,86
2.142352615,0.242187231,2.61E-15,47,79
1.790591084,0.079608474,4.07E-15,23.9057,73.5433
2.009656973,0.132201086,2.03E-15,30.9,69.5
1.428256834,0.085008283,3.31E-15,18.3431,91.1273
1.99911714,0.178696319,1.04E-14,46.5,97.6
2.102990416,0.202813414,5.02E-15,48.3,86.3
1.81364388,0.081991245,4.18E-15,24.1713,74.3903
1.458985868,0.082368244,2.65E-15,17.3176,85.126
1.985531351,0.158916537,1.06E-14,44,96
1.91240805,0.091511132,1.06E-15,22,58
2.072084451,0.200498748,7.56E-15,50,93
1.437628264,0.080448462,1.52E-15,15.8817,77.6958
1.780497502,0.083461824,5.89E-15,25.3225,80.0097
1.600576788,0.083376257,5.52E-15,21.7011,87.5111
1.594955484,0.080562133,4.17E-15,20.3749,83.0065
2.036624206,0.148830355,8.91E-16,28.3,61.7
1.789518217,0.083703561,5.27E-15,25.11,78.5268
1.398258833,0.084154846,2.35E-15,16.7157,88.085
1.995992354,0.135640909,2.21E-15,31.03,70.84
1.838209797,0.303663462,5.27E-14,74,156
1.396845521,0.084314089,2.41E-15,17.061,88.1253
1.909638694,0.352132935,5.07E-14,82,153
2.017341806,0.166039219,6.47E-15,42,88
1.638268049,0.081287109,5.06E-15,21.7548,83.556
1.948382729,0.352164171,4.57E-14,82,147
1.373091433,0.087407703,3.38E-15,18.0045,96.3664
1.487687381,0.079763656,2.07E-15,17.0345,78.9435
2.004907107,0.160495993,8.34E-15,43,92
1.872610828,0.246853215,4.20E-14,65.5,141
1.955790212,0.122467939,1.19E-15,25,62
1.946698112,0.256990052,3.35E-14,67,131.5
2.02040949,0.162828277,7.33E-15,43,90
2.085568155,0.179362416,2.86E-15,40.4,77.3
1.861999887,0.249543377,4.36E-14,66,143
1.946111163,0.273796357,3.62E-14,70,135
2.027559316,0.137446626,1.64E-15,31,67.5
1.750499289,0.079427028,4.65E-15,23.179,77.0011
1.955623299,0.170388981,1.25E-14,45,101
1.474621563,0.080381658,2.09E-15,16.5345,80.3435
1.913605845,0.233619288,3.47E-14,63,132
2.052541368,0.163149186,9.83E-16,30.12,63.48
1.971389382,0.143124738,6.31E-15,37,86
1.504496942,0.081181131,2.94E-15,18.2976,83.4191
1.416060775,0.084244842,2.74E-15,17.7254,88.5365
1.501368019,0.083583207,3.95E-15,19.0515,88.9567
2.019522043,0.191935045,1.14E-14,50,100
1.667174983,0.08801837,8.39E-15,25.2,91.5
1.85823827,0.347730817,5.57E-14,80.5,160
1.520806332,0.077637451,1.77E-15,16.237,74.8984
2.087055351,0.1845391,4.64E-15,45,84.4
1.965062823,0.415486802,5.13E-14,90,153
1.758684365,0.084533858,6.67E-15,25.8493,82.857
2.002730671,0.145223949,1.63E-15,30,68
1.441887277,0.084309797,3.23E-15,18.3515,89.5567
2.047248416,0.174680206,5.74E-15,43.5,87
2.012249667,0.167613394,7.54E-15,43,91
1.727450697,0.08418997,6.81E-15,25.0198,84.587
1.463420251,0.081865352,2.54E-15,17.7356,83.6017
1.564843152,0.086125481,6.29E-15,22.1692,92.5067
2.073037077,0.183282238,5.11E-15,44.5,85.9
1.893986735,0.224871147,3.61E-14,62,133
1.562938722,0.07984965,3.38E-15,19.6868,81.1002
1.845367011,0.08736278,5.34E-15,27,78
1.570020094,0.07776195,2.60E-15,18.1838,77.0405
1.577497674,0.083328669,5.17E-15,21.5011,87.5111
1.977189199,0.149833605,7.82E-15,40,90
1.635768845,0.078427329,3.80E-15,20.3547,79.027
1.682073364,0.079169853,4.52E-15,21.7744,79.3268
1.691285614,0.078620097,4.38E-15,21.7744,78.3268
2.066993918,0.168030091,6.37E-16,29,59.6
1.817749833,0.2452754,4.66E-14,64,147.5
2.054424093,0.147515001,8.36E-16,29.1,61.06
1.747206157,0.361199368,6.54E-14,79.5,176.9
1.608750422,0.081720259,4.89E-15,21.4567,84.622
1.40199191,0.085773298,3.18E-15,18.0389,92.4605
2.01488453,0.1448069,1.10E-15,28,63.5
2.069786845,0.481079044,4.81E-14,99,146
2.018147565,0.180860706,7.10E-15,44,91
2.088130136,0.166325059,8.10E-16,31.53,61.8
1.75606004,0.083028516,6.04E-15,24.5762,81.389
1.994569088,0.15693566,4.72E-15,37,83
1.700614952,0.078660303,4.39E-15,22.0095,78.0043
1.778865232,0.07946655,4.25E-15,23.957,74.5433
1.413604027,0.087023147,3.98E-15,18.4476,96.11
1.647511827,0.079191099,4.25E-15,21.1111,80.1111
1.931214506,0.361481347,4.89E-14,83,151
1.99756254,0.116063858,1.96E-15,29.4,67.5
2.063227822,0.172631027,2.59E-15,38,75.8
1.942048427,0.128073274,1.36E-15,25.7,64.5
1.449424398,0.079571896,1.38E-15,15.237,75.8984
2.0252222,0.186929164,8.78E-15,47,95
1.458796924,0.080616921,1.93E-15,16.4345,80.0435
1.713356746,0.089175672,8.80E-15,26.2,90.5
1.500791121,0.079308042,2.10E-15,16.9838,78.4405
1.414294532,0.085764877,3.40E-15,18.1389,92.9605
1.989143949,0.158449738,9.43E-15,43,94
1.67743156,0.086208205,7.60E-15,24.644,89.051
1.493182445,0.087032938,5.50E-15,20.8781,95.3711
1.936530864,0.142924825,1.26E-14,42,98
1.363552496,0.087059668,3.01E-15,17.5342,94.935
1.790399622,0.081503277,4.77E-15,24.3089,76.5002
1.4883203,0.081434385,2.77E-15,18.0976,83.4191
2.050202033,0.417386418,4.04E-14,90,140
1.647670638,0.081559696,5.28E-15,22.1567,83.922
2.081477069,0.165762111,7.95E-16,31,61.5
1.95734501,0.361773827,4.55E-14,83,147
1.918677348,0.284049072,4.13E-14,72,141
1.4304997,0.086185007,3.89E-15,18.4596,94.2315
1.551605307,0.082957537,4.55E-15,20.2515,87.5057
1.609119615,0.083108737,5.53E-15,22.0111,87.0111
2.022657591,0.148947208,4.06E-15,37,80
2.01076229,0.151613443,1.36E-15,29.71,66.12
1.865977956,0.311744256,5.11E-14,76,153.5
1.426322212,0.083456009,2.55E-15,17.1157,87.085
1.720936941,0.091709962,1.00E-14,27.79,92.49
2.045161971,0.485173782,5.12E-14,99,150
1.890556029,0.2547647,4.10E-14,67,140
1.984875773,0.174724093,1.07E-14,46,98
1.674613504,0.083498997,6.38E-15,24.0111,85.6111
1.366493314,0.086921464,3.01E-15,17.4838,94.6595
1.773932603,0.080329163,4.26E-15,23.4902,75.473
2.023355087,0.181888933,9.45E-15,47,96
1.483716783,0.083494168,3.59E-15,18.5254,88.5365
1.457471838,0.079477873,1.48E-15,15.837,75.8984
1.523857427,0.084467041,4.78E-15,20.1465,90.604
1.451122306,0.08562546,4.01E-15,18.8727,93.1394
1.590530518,0.08707343,7.15E-15,23.3057,93.1702
1.598416533,0.083621087,5.62E-15,22,87.8
1.375638422,0.083515591,1.68E-15,15.826,83.9736
